[{"dependencies":[{"artifactId":"CardTypesGrid_jsp.java","sha1":"9c6c98465907742ea21e469dafe0345724e62c32","fullHash":"e45d657f21e076854f7432fa5d25f517b40a155b","mostSigBitsHash":"01c0fe18bbd53363f0c7b5eb9384dd9850673325","leastSigBitsHash":"1c7c939eb7a9be0b47aa470bb102038d9bb2f7fe","otherPlatformSha1":"21c5a6350e643c2fe8cd5349ffa6c796a1d957d1","systemPath":"C:\\Users\\margarital\\Desktop\\Source\\BookStore_Small_CLI_small\\CardTypesGrid_jsp.java","optional":false,"children":[],"exclusions":[],"licenses":[],"copyrights":[],"filename":"CardTypesGrid_jsp.java","checksums":{"SHA1":"9c6c98465907742ea21e469dafe0345724e62c32","SHA1_SUPER_HASH":"e45d657f21e076854f7432fa5d25f517b40a155b","SHA1_SUPER_HASH_MSB":"01c0fe18bbd53363f0c7b5eb9384dd9850673325","SHA1_SUPER_HASH_LSB":"1c7c939eb7a9be0b47aa470bb102038d9bb2f7fe","SHA1_OTHER_PLATFORM":"21c5a6350e643c2fe8cd5349ffa6c796a1d957d1"}}],"projectToken":" "}]